{
    "BERT": {
        "Source": "dslim/bert-base-NER",
        "Accuracy": 0.7381296217912009,
        "Precision": 1.0,
        "Recall": 0.7381296217912009,
        "F1 Score": 0.8493378313529154,
        "Time": 371.18610882759094
    },
    "DistilBERT": {
        "Source": "dslim/distilbert-NER",
        "Accuracy": 0.7391504618678884,
        "Precision": 1.0,
        "Recall": 0.7391504618678884,
        "F1 Score": 0.8500132427576432,
        "Time": 202.26124167442322
    },
    "RoBERTa1": {
        "Source": "MMG/roberta-base-ner-english",
        "Accuracy": 0.7314194656773647,
        "Precision": 1.0,
        "Recall": 0.7314194656773647,
        "F1 Score": 0.8448784135521075,
        "Time": 428.31711196899414
    },
    "RoBERTa2": {
        "Source": "51la5/roberta-large-NER",
        "Accuracy": 0.6518437367726514,
        "Precision": 1.0,
        "Recall": 0.6518437367726514,
        "F1 Score": 0.7892317200006029,
        "Time": 1161.8407537937164
    },
    "RoBERTa3": {
        "Source": "FacebookAI/xlm-roberta-large-finetuned-conll03-english",
        "Accuracy": 0.6518437367726514,
        "Precision": 1.0,
        "Recall": 0.6518437367726514,
        "F1 Score": 0.7892317200006029,
        "Time": 1209.3939590454102
    },
    "ALBERT1": {
        "Source": "ArBert/albert-base-v2-finetuned-ner",
        "Accuracy": 0.7187212110649105,
        "Precision": 1.0,
        "Recall": 0.7187212110649105,
        "F1 Score": 0.8363441452143303,
        "Time": 509.2826750278473
    },
    "ALBERT2": {
        "Source": "Jorgeutd/albert-base-v2-finetuned-ner",
        "Accuracy": 0.7282075542165675,
        "Precision": 1.0,
        "Recall": 0.7282075542165675,
        "F1 Score": 0.842731594871056,
        "Time": 535.3727579116821
    }
}